P70,
P80,
P47,
P69,
null,
P39,
null,
null,
P110,
P112,
P72,
P109,
P84,
null,
null,
P31,
P86,
P9,
null,
P19,
P36,
P65,
null,
null,
null,
P100,
null,
P116,
null,
null,
P88,
P81,
P67,
P76,
P29,
P93,
P97,
null,
null,
null,
null,
P105,
null,
null,
null,
null,
null,
null,
null,
null,
null,
null,
null,
null,
null,
null,
P48,
null,
null,
null,
null,
P78,
P7,
P60,
P20,
P30,
null,
null,
null,
P55,
null,
null,
P79,
P38,
null,
P1,
P56,
P118,
P111,
P3,
null,
P115,
null,
null,
P71,
P89,
P66,
null,
null,
null,
null,
P59,
P77,
P41,
P32,
P28,
P104,
null,
null,
null,
P11,
P25,
P96,
P40,
null,
null,
null,
P102,
P64,
null,
null,
null,
null,
null,
P101,
null,
P68,
P82,
null,
null,
null,
null,
null,
null,
null,
null,
null,
null,
null,
null,
P106,
P51,
P95,
null,
null,
P37,
P117,
null,
null,
null,
null,
null,
null,
null,
null,
null,
null,
null,
null,
null,
null,
null,
P4,
null,
null,
null,
null,
null,
null,
null,
null,
null,
null,
null,
null,
null,
P45,
null,
null,
null,
null,
null,
null,
null,
null,
null,
null,
null,
null,
null,
null,
P90,
P43,
P2,
P87,
P49,
P13,
null,
null,
null,
P98,
P58,
P99,
null,
null,
P53,
P27,
P12,
P103,
P92,
P33,
null,
null,
null,
P114,
P42,
P83,
P85,
P6,
null,
P46,
P108,
P26,
P113,
P16,
P21,
null,
null,
P73,
null,
P107,
P54,
null,
P91,
null,
null,
P34,
P15,
P18,
P75,
P10,
P35,
null,
null,
P14,
P5,
null,
null,
P94,
null,
null,
null,
P74,
P62,
null,
null,
null,
null,
null,
null,
null,
P44,
P63,
null,
null,
null,
null,
P22,
P50,
P61,
P52,
P17,
null,
null,
null,
null,
null,
null,
null,
null,
null,
null,
null,
null,
null,
null,
null,
null,
null,
null,
null,
null,
null,
null,
null,
null,
null,
null,
null,
null,
null,
null,
null,
null,
null,
P23,
P57,
P24,
P8,
null,
